<?xml version="1.0" encoding="UTF-8"?>
<project-private xmlns="http://www.netbeans.org/ns/project-private/1">
    <editor-bookmarks xmlns="http://www.netbeans.org/ns/editor-bookmarks/2" lastBookmarkId="0"/>
    <open-files xmlns="http://www.netbeans.org/ns/projectui-open-files/2">
        <group name="Demo Pro">
            <file>file:/C:/Users/Ryuu/Desktop/Demo%20Pro/Demo%20Func/src/java/net/codejava/http/networking/HttpDownloadUtility.java</file>
            <file>file:/C:/Users/Ryuu/Desktop/Demo%20Pro/Demo%20Func/src/java/net/codejava/http/networking/HttpDownloader.java</file>
            <file>file:/C:/Users/Ryuu/Desktop/Demo%20Pro/Demo%20Func/src/java/Controller/HomeController.java</file>
            <file>file:/C:/Users/Ryuu/Desktop/Demo%20Pro/Demo%20Func/web/index.jsp</file>
        </group>
    </open-files>
</project-private>
