<?xml version="1.0" encoding="UTF-8"?>
<project-private xmlns="http://www.netbeans.org/ns/project-private/1">
    <editor-bookmarks xmlns="http://www.netbeans.org/ns/editor-bookmarks/2" lastBookmarkId="0"/>
    <open-files xmlns="http://www.netbeans.org/ns/projectui-open-files/2">
        <group name="1. Java Core Lab">
            <file>file:/C:/Users/Ryuu/Documents/NetBeansProjects/1.%20Java%20Core%20Lab/J1.S.P0071/src/entity/Task.java</file>
            <file>file:/C:/Users/Ryuu/Documents/NetBeansProjects/1.%20Java%20Core%20Lab/J1.S.P0071/src/controller/TaskControl.java</file>
        </group>
    </open-files>
</project-private>
